2013-06-27 12:44:01 +1000,pomade development
2013-06-27 12:13:53 +1000,pomade development
2013-06-27 11:29:00 +1000,pomade development
2013-06-27 11:03:48 +1000,pomade development
2013-06-27 10:15:51 +1000,pomade development
2013-06-27 09:42:35 +1000,pomade development
2013-06-25 19:19:25 +1000,pomade development
2013-06-25 18:48:59 +1000,pomade development
2013-06-25 17:47:51 +1000,pomade development
2013-06-25 12:11:10 +1000,pomade development
2013-06-24 14:32:08 +1000,pomade development
2013-06-24 13:25:17 +1000,pomade development
2013-06-24 12:55:05 +1000,pomade development
2013-06-24 12:24:57 +1000,pomade development
2013-06-24 11:59:40 +1000,pomade development
2013-06-23 11:46:19 +1000,pomade development
2013-06-23 11:00:23 +1000,pomade development
2013-06-22 17:39:50 +1000,pomade development
2013-06-22 17:14:40 +1000,pomade development
2013-06-20 19:10:34 +1000,study
2013-06-20 18:45:27 +1000,study
2013-06-20 18:13:32 +1000,study
2013-06-20 13:16:06 +1000,study
2013-06-18 16:33:16 +1000,study
2013-06-18 16:02:41 +1000,study
2013-06-18 15:36:18 +1000,study
2013-06-18 14:59:40 +1000,study
2013-06-18 14:15:57 +1000,study
2013-06-18 13:43:58 +1000,study
2013-06-18 13:04:53 +1000,study
2013-06-18 12:36:49 +1000,study
2013-06-18 12:10:41 +1000,study
2013-06-18 11:37:43 +1000,study
2013-06-18 11:06:53 +1000,study
2013-06-18 10:40:04 +1000,study
2013-06-17 18:12:43 +1000,study
2013-06-17 16:14:54 +1000,study
2013-06-17 13:45:49 +1000,study
2013-06-17 12:39:46 +1000,study
2013-06-17 11:40:42 +1000,study
2013-06-16 20:08:55 +1000,study
2013-06-16 19:16:09 +1000,study
2013-06-16 18:48:28 +1000,study
2013-06-16 17:15:21 +1000,study
2013-06-16 16:43:15 +1000,study
2013-06-16 15:28:56 +1000,study
2013-06-16 11:40:13 +1000,study
2013-06-16 11:09:03 +1000,study
2013-06-16 10:37:05 +1000,study
2013-06-16 10:06:51 +1000,study
2013-06-15 18:29:11 +1000,study
2013-06-15 15:50:36 +1000,study
2013-06-15 15:25:21 +1000,study
2013-06-15 15:00:08 +1000,study
2013-06-15 14:09:40 +1000,study
2013-06-14 19:10:22 +1000,study
2013-06-14 18:34:21 +1000,study
2013-06-14 17:29:06 +1000,study
2013-06-14 16:32:02 +1000,study
2013-06-14 16:01:43 +1000,study
2013-06-14 15:31:29 +1000,study
2013-06-14 14:16:09 +1000,study
2013-06-14 13:35:40 +1000,study
2013-06-14 12:55:06 +1000,study
2013-06-14 12:20:48 +1000,study
2013-06-14 11:34:10 +1000,study
2013-06-13 18:25:55 +1000,study
2013-06-13 17:55:25 +1000,study
2013-06-13 17:25:04 +1000,study
2013-06-13 12:47:47 +1000,study
2013-06-13 12:06:40 +1000,study
2013-06-13 11:24:02 +1000,study
2013-06-13 10:13:28 +1000,study
2013-06-13 09:43:14 +1000,study
2013-06-12 20:55:47 +1000,study
2013-06-12 15:25:21 +1000,study
2013-06-12 14:51:23 +1000,study
2013-06-12 14:20:12 +1000,study
2013-06-12 13:16:22 +1000,study
2013-06-12 12:48:15 +1000,study
2013-06-12 11:41:28 +1000,study
2013-06-12 10:46:40 +1000,study
2013-06-12 10:16:23 +1000,study
2013-06-12 09:46:12 +1000,study
2013-06-11 18:32:48 +1000,study
2013-06-11 18:02:31 +1000,study
2013-06-11 17:37:25 +1000,study
2013-06-11 17:07:17 +1000,study
2013-06-11 14:53:19 +1000,study
2013-06-11 14:21:46 +1000,study
2013-06-11 13:37:28 +1000,study
2013-06-11 09:46:06 +1000,study
2013-06-10 20:49:49 +1000,study
2013-06-10 19:51:06 +1000,study
2013-06-10 17:43:54 +1000,study
2013-06-10 17:12:50 +1000,study
2013-06-10 15:16:19 +1000,study
2013-06-10 14:44:14 +1000,study
2013-06-10 13:15:22 +1000,study
2013-06-10 12:41:06 +1000,study
2013-06-10 12:15:56 +1000,study
2013-06-10 11:40:00 +1000,study
2013-06-09 17:28:26 +1000,study
2013-06-09 16:56:46 +1000,study
2013-06-09 14:53:26 +1000,study
2013-06-09 14:22:10 +1000,study
2013-06-09 13:15:01 +1000,study
2013-06-09 12:44:35 +1000,study
2013-06-08 14:51:12 +1000,study
2013-06-07 17:09:52 +1000,study
2013-06-07 16:39:34 +1000,study
2013-06-07 16:09:05 +1000,study
2013-06-07 12:44:53 +1000,study
2013-06-07 11:50:35 +1000,study
2013-06-07 11:20:24 +1000,study
2013-06-07 10:39:53 +1000,study
2013-06-07 10:09:12 +1000,study
2013-06-06 18:25:07 +1000,study
2013-06-06 17:54:50 +1000,study
2013-06-06 12:02:00 +1000,study
2013-06-06 09:23:53 +1000,study
2013-06-05 18:35:47 +1000,study
2013-06-05 18:10:11 +1000,study
2013-06-05 17:30:09 +1000,study
2013-06-05 11:50:19 +1000,study
2013-06-05 11:20:03 +1000,study
2013-06-05 10:38:19 +1000,study
2013-06-04 20:15:05 +1000,study
2013-06-04 19:40:51 +1000,study
2013-06-04 19:04:25 +1000,study
2013-06-03 20:57:12 +1000,study
2013-06-03 20:23:52 +1000,study
2013-06-03 18:36:14 +1000,study
2013-06-03 17:39:39 +1000,study
2013-06-03 17:09:27 +1000,study
2013-06-03 15:29:52 +1000,study
2013-06-03 10:48:48 +1000,study
2013-06-02 12:52:20 +1000,study
2013-06-02 12:26:55 +1000,study
2013-06-02 12:01:44 +1000,study
2013-05-30 18:12:26 +1000,study
2013-05-30 17:41:10 +1000,study
2013-05-30 16:29:42 +1000,study
2013-05-30 15:53:38 +1000,study
2013-05-30 13:45:38 +1000,study
2013-05-30 13:13:44 +1000,study
2013-05-30 12:41:08 +1000,study
2013-05-30 12:10:51 +1000,study
2013-05-28 20:53:05 +1000,study
2013-05-28 19:53:24 +1000,study
2013-05-28 18:56:08 +1000,study
2013-05-28 15:45:32 +1000,study
2013-05-28 15:14:10 +1000,study
2013-05-27 20:46:29 +1000,study
2013-05-27 16:18:13 +1000,study
2013-05-27 15:47:24 +1000,study
2013-05-27 15:20:49 +1000,study
2013-05-27 12:53:39 +1000,study
2013-05-26 18:39:45 +1000,study
2013-05-26 14:31:48 +1000,study
2013-05-24 12:49:21 +1000,study
2013-05-24 12:19:08 +1000,study
2013-05-23 17:10:18 +1000,study
2013-05-22 20:22:09 +1000,study
2013-05-22 15:18:45 +1000,study
2013-05-19 21:03:05 +1000,study
2013-05-19 19:29:00 +1000,study
2013-05-16 21:11:12 +1000,study
2013-05-16 16:43:06 +1000,study
2013-05-15 19:57:12 +1000,study
2013-05-15 13:06:36 +1000,study
2013-05-14 21:33:21 +1000,study
2013-05-13 21:54:15 +1000,study
2013-05-13 21:21:04 +1000,study
2013-05-13 18:43:38 +1000,study
2013-05-13 17:41:49 +1000,study
2013-05-13 14:40:58 +1000,study
2013-05-13 11:59:32 +1000,study
2013-05-12 16:18:20 +1000,study
2013-05-11 16:20:09 +1000,study
2013-05-11 15:23:15 +1000,study
2013-05-11 14:51:58 +1000,study
2013-05-11 14:20:09 +1000,study
2013-05-11 13:49:51 +1000,study
2013-05-10 13:38:00 +1000,study
2013-05-09 20:56:20 +1000,study
2013-05-09 14:39:02 +1000,study
2013-05-08 16:12:58 +1000,study
2013-05-08 14:55:25 +1000,study
2013-05-08 09:52:27 +1000,study
2013-05-08 09:16:51 +1000,study
2013-05-07 18:10:33 +1000,study
2013-05-07 17:40:06 +1000,study
2013-05-07 17:14:51 +1000,study
2013-05-06 18:03:30 +1000,study
2013-05-06 17:22:34 +1000,study
2013-05-06 16:32:58 +1000,study
2013-05-06 15:58:28 +1000,study
2013-05-06 15:24:55 +1000,study
2013-05-06 14:54:25 +1000,study
2013-05-05 15:28:42 +1000,study
2013-05-05 14:17:23 +1000,study
2013-05-04 12:13:56 +1000,study
2013-05-03 11:34:10 +1000,study
2013-05-02 19:12:07 +1000,study
2013-05-02 17:13:45 +1000,study
2013-05-02 16:36:08 +1000,study
2013-05-02 10:14:20 +1000,study
2013-05-01 11:35:42 +1000,study
2013-05-01 10:59:07 +1000,study
2013-05-01 10:01:57 +1000,study
2013-04-29 16:10:43 +1000,study
2013-04-29 11:52:25 +1000,study
2013-04-27 18:24:14 +1000,study
2013-04-27 17:49:24 +1000,study
2013-04-27 16:13:54 +1000,development
2013-04-27 15:39:05 +1000,study
2013-04-26 10:03:16 +1000,study
2013-04-25 21:37:12 +1000,study
2013-04-25 19:37:12 +1000,study
2013-04-25 15:20:55 +1000,study
2013-04-25 14:09:27 +1000,study
2013-04-25 11:23:05 +1000,study
2013-04-23 09:42:41 +1000,Study
2013-04-21 15:34:32 +1000,study
2013-04-21 15:02:36 +1000,study
2013-04-21 13:22:10 +1000,study
2013-04-20 21:43:37 +1000,development
2013-04-20 21:15:44 +1000,development
2013-04-20 20:32:11 +1000,development
2013-04-20 18:10:05 +1000,development
2013-04-20 17:36:40 +1000,development
2013-04-20 17:11:25 +1000,development
2013-04-20 16:32:59 +1000,study
2013-04-20 15:59:01 +1000,study
2013-04-20 15:18:11 +1000,study
2013-04-18 19:11:31 +1000,study
2013-04-18 18:41:10 +1000,study
2013-04-18 12:45:07 +1000,study
2013-04-18 10:29:17 +1000,study
2013-04-17 21:24:19 +1000,study
2013-04-17 18:24:38 +1000,study
2013-04-16 20:35:51 +1000,study
2013-04-16 20:10:14 +1000,study
2013-04-16 16:35:10 +1000,study
2013-04-16 16:09:54 +1000,study
2013-04-15 20:02:42 +1000,study
2013-04-14 20:51:54 +1000,study
2013-04-14 19:11:53 +1000,study
2013-04-14 18:46:30 +1000,study
2013-04-14 16:31:13 +1000,study
2013-04-13 14:45:16 +1000,study
2013-04-13 13:07:23 +1000,study
2013-04-13 12:18:56 +1000,study
2013-04-11 21:38:55 +1000,study
2013-04-11 19:08:05 +1000,development
2013-04-11 17:56:44 +1000,development
2013-04-11 12:40:48 +1000,study
2013-04-11 09:33:15 +1000,study
2013-04-10 16:08:57 +1000,study
2013-04-10 15:25:27 +1000,study
2013-04-09 21:59:27 +1000,study
2013-04-09 21:22:12 +1000,study
2013-04-08 16:40:00 +1000,study
2013-04-08 12:12:21 +1000,study
2013-04-07 15:30:51 +1000,study
2013-04-05 11:03:21 +1100,study
2013-04-04 22:12:28 +1100,development
2013-04-04 19:32:31 +1100,study
2013-04-04 19:04:47 +1100,study
2013-04-03 18:00:40 +1100,study
2013-04-03 17:28:45 +1100,study
2013-04-03 17:02:46 +1100,study
2013-04-02 15:40:18 +1100,study
2013-04-02 15:08:52 +1100,study
2013-04-01 12:24:53 +1100,study
2013-03-29 16:18:28 +1100,study
2013-03-29 15:48:01 +1100,study
2013-03-29 13:03:09 +1100,study
2013-03-29 12:32:47 +1100,study
